trainings_per_month,plank_seconds
17.645386,85.9622
18.30008,86.92556
7.657275,56.521614
19.186113,91.22672
7.8089643,57.635372
12.017907,68.104195
5.1314497,40.070835
15.872827,82.1822
18.81543,92.162895
2.6637185,30.523338
18.691961,80.19118
11.871593,58.90331
17.388088,87.88265
11.354305,67.89945
14.821881,78.43925
8.58809,54.89081
17.708858,93.49704
11.478089,67.61265
5.331601,49.330566
12.548983,67.14364
5.3926334,45.68339
8.827271,65.89219
5.9384165,49.099495
16.633709,86.741646
2.1062982,32.478413
5.3898964,39.718285
7.1762524,44.71259
3.9872754,35.036194
10.943831,65.8389
0.12320876,25.841621
19.03109,93.82869
1.5053177,26.648441
17.720274,84.71533
11.664191,65.50525
6.7529545,41.801674
16.1795,83.27733
11.558508,60.541237
18.079634,89.787575
11.093197,64.71965
6.846268,48.31539
12.686836,61.52688
7.2882056,61.76291
14.208575,79.73616
18.92822,98.06996
15.780596,83.398674
5.628275,46.72397
15.772647,81.912224
11.789263,65.15564
15.07835,78.63873
3.9049494,43.924137
0.10091543,25.390661
6.1363945,46.090553
2.3297715,36.367653
18.205389,91.59009
12.880314,73.01472
14.142136,74.403244
13.162612,66.49751
9.82604,66.81099
17.826082,82.83676
2.894864,32.486526
10.629637,58.178
3.1745982,38.690075
13.08352,67.22791
6.556177,49.04474
13.064163,73.542114
7.916585,61.99913
18.293919,94.249084
4.072981,34.936356
4.0360203,43.301525
4.03566,37.54626
18.994429,92.82603
13.332511,72.090805
19.622507,86.61439
1.7472374,21.720053
0.08123875,24.38517
2.1763623,36.569195
3.2731092,39.075592
14.050402,72.82965
13.580759,64.437355
18.309244,89.088646
4.8357463,46.243813
3.182882,33.195087
15.305781,73.40022
5.9579554,44.763515
16.069239,85.23561
7.6269937,56.246826
15.720459,79.58151
2.23032,34.49111
4.9535027,39.933464
13.048764,72.252174
12.114076,69.33212
7.4504128,54.74492
15.960694,82.11757
16.798092,84.178314
2.7482665,33.58723
4.661318,52.163544
19.15662,94.66296
6.625675,53.048515
6.454836,46.202656
0.32405376,23.076199
4.273298,37.1706
12.498036,63.90139
8.680068,59.736633
2.7411401,34.115788
10.234567,62.5524
3.169185,33.39133
1.5160334,34.590424
4.493374,37.366554
1.2478793,34.708817
3.6326194,36.45055
19.996088,94.04554
11.88875,62.75486
13.081597,71.854004
0.673157,21.18052
3.432262,46.308907
6.671442,48.630672
11.563711,69.320114
1.2007868,41.989815
5.69127,47.777485
4.0133142,45.844418
10.027713,61.61684
6.278968,51.645866
9.307042,47.711735
3.223703,29.223026
3.1360483,44.656868
4.1659822,48.756084
6.5770254,52.419666
2.107191,32.655567
18.384699,87.06622
8.01536,52.744194
18.603968,89.002945
13.115821,64.67058
1.5320301,27.931149
16.920353,82.54126
7.248552,50.553513
6.1667395,49.050602
1.699295,31.876352
0.05839348,20.3554
12.861107,79.47964
7.8155613,54.577908
13.893231,74.30816
1.7933655,32.820786
17.424292,94.293396
2.6594627,35.183727
8.273267,55.592968
12.088697,67.956535
15.162518,92.32868
18.073103,84.53801
19.109592,92.860435
2.0707786,25.572512
12.516672,70.780914
5.6987405,53.47582
8.904152,54.62889
2.515099,30.225368
19.108585,92.26089
2.660495,33.248188
15.344513,75.874504
13.514396,74.29499
13.249559,78.22092
4.5935383,39.81793
19.089516,96.052635
12.197504,64.21458
11.286401,66.03049
1.1874521,30.610615
14.197885,76.73532
8.499794,48.444607
5.4187574,48.54823
18.589466,89.9231
12.229488,68.696594
4.4672356,40.44279
4.938611,41.850723
9.522443,52.427147
15.583612,87.27286
7.444662,53.78009
4.2942514,44.99718
6.575571,50.547855
2.5292516,27.177044
13.566324,80.74031
17.740402,96.99644
0.58559656,26.525623
12.322507,70.58021
15.165918,75.89339
11.813293,60.24597
6.4387536,44.608562
15.219421,78.39147
15.255132,73.07222
13.739272,69.28648
8.242786,51.812225
7.3519874,55.543777
11.069809,63.03112
8.233459,54.580677
7.0199895,49.37595
16.392069,87.09527
18.593996,82.16696
9.010027,61.47074
7.761031,57.89198
10.145923,59.801674
9.402918,56.528507
12.404113,67.448326
12.802336,73.69208
